;)
Hello
Sheesh
OMG
How you doing guys?
Anything new today?
Whats up?
Anyone bored?
Hype for the release.
Hmmm
Damn this project got so much potential
what a day
lul
xd
:rocket:
the grind is real
the community is growing hope to get to 20k soon
nice one
excited
I am so hyped can't wait to get my hands one an astro
:fire:
:heart:
spreading love and happines today
let's get this bread
Can't stop won't stop trusting in this project it really has potential and if not at least I know I helped with the 
Interesting
Ups
Ammm
Sick
we booming
to the moon
go time
up up
it s so late
oy
I am so trying to get that rank 3 and maintain in hope it will be ok
the memes from here are briliant
damn i am hungry
awesome
yesss
damn i would love some pizza now
brb
:2827derpcharmander:
:AstroHeadLovestruck:
:star_struck:
god bless us
going to take a snack
brb to listen some music
i think i will go watch a video or smth 
I really hope to get this on public
nvm
oooofff
reeeeeee
sup
hola
howdy
SO SOOOOOONNNN
LFG
yey
nice
lol
:)
damn
can't wait for today
getting that top 3 baby
yes sir
LFG guys. don't stop
yeaah buddy
hihi
wdym?
sometimes I don’t even know what I am trying to say lul
:P
working with you guys is the best
:yum:
damn I need a snack
anyone wanna recommend me a tv show or smth
can’t wait for this launch
damn I love this day is so freaking nais
"my god work is killing me and I am so bored glad to check the chat from time to time, it cheers me up"
cheers
uof
The gas fees still seem pretty decent
I am so happy that I got this mint
I think a little bit of spammy comments is needed for that top 3
The XP grind never stops
I am so glad to take part into this project
Grinding constantly
Be back in a minute or so lul
Any like Mr robot fans?
Did you guys watch like the Arcade series?
Any suggestions for a movie that I can watch while grinding :P
Crazy days
"Hmm, idk why but the discord is running like crap lately did anyone encounter something similar?"
No sleep gang for this drop
I so hate that I didn't join this project in time is kinda late now but damn it went perfect
"Need a hype song recommendation, any suggestions I want to try new stuff ?"
tyy
ily
Got my fking mint
yeaaaaaaaaaaaaaaaaaaaaaaa 
so fking hot guys
what number did you get?
